기관ID,주소,병원분류,병원분류명,기관명,병원경도,병원위도,작업시간
A1100011,"서울특별시 영등포구 63로 10, 여의도성모병원 (여의도동)",A,종합병원,가톨릭대학교여의도성모병원,126.93673129599131,37.51827233800711,2026-08-07 14:53:07.0
A1121013,서울특별시 은평구 통일로 1021 (진관동),A,종합병원,가톨릭대학교은평성모병원,126.91615048739686,37.633608409726854,2026-08-07 14:53:07.0
E1100021,서울특별시 강남구 선릉로 668 강남구보건소 (삼성동),R,보건소,강남구보건소,127.04227756939835,37.51630311339761,2026-08-07 14:53:07.0
A1100141,"서울특별시 강남구 남부순환로 2649, 베드로병원 (도곡동)",A,종합병원,강남베드로병원,127.0395873429168,37.485612179925724,2026-08-07 14:53:07.0
A1100043,서울특별시 강동구 동남로 892 (상일동),A,종합병원,강동경희대학교병원,127.157084787845,37.5520459324005,2026-08-07 14:53:07.0
E1100016,서울특별시 강동구 성내로 45 (성내동),R,보건소,강동구보건소,127.12554877923407,37.529263209330765,2026-08-07 14:53:07.0
E1100009,"서울특별시 강북구 한천로 897 (번동, 강북보건소,번2동주민센터)",R,보건소,강북구보건소,127.03884474673563,37.63214337997896,2026-08-07 14:53:07.0
A1100006,서울특별시 종로구 새문안로 29 (평동),A,종합병원,강북삼성병원,126.96793805451702,37.568497631233825,2026-08-07 14:53:07.0
A1100002,서울특별시 광진구 능동로 120-1 (화양동),A,종합병원,건국대학교병원,127.0721229093036,37.54084479467721,2026-08-07 14:53:08.0
A1100039,"서울특별시 송파구 송이로 123, 국립경찰병원 (가락동)",A,종합병원,경찰병원,127.12348793503201,37.496413213560785,2026-08-07 14:53:08.0
A1100001,서울특별시 동대문구 경희대로 23 (회기동),A,종합병원,경희대학교병원,127.05183223390303,37.5938765502235,2026-08-07 14:53:08.0
A1100014,"서울특별시 구로구 구로동로 148, 고려대부속구로병원 (구로동)",A,종합병원,고려대학교의과대학부속구로병원,126.8847449363546,37.49211114525054,2026-08-07 14:53:08.0
A1100018,"서울특별시 강남구 도곡로 429 (대치동, 베스티안병원 2층일부 제외)",A,종합병원,재단법인베스티안재단베스티안서울병원,127.05726710883552,37.49807126965969,2020-12-07 14:53:31.0
A1100033,서울특별시 중구 마른내로 9 (저동2가),A,종합병원,인제대학교서울백병원,126.98884533055192,37.5650731684839,2023-08-07 14:56:06.0
E1100013,서울특별시 관악구 관악로 145  (봉천동),R,보건소,관악구보건소,126.95112762992993,37.47853037138971,2026-08-07 14:53:08.0
E1100010,"서울특별시 광진구 아차산로 400, 광진구보건소 (자양동)",R,보건소,광진구보건소,127.08249786939318,37.53811493772281,2026-08-07 14:53:08.0
E1100003,"서울특별시 구로구 구로중앙로28길 66 (구로동, 구로5동 주민센터, 구로구보건소)",R,보건소,구로구보건소,126.88936460104897,37.5001092837881,2026-08-07 14:53:08.0
A1100026,"서울특별시 구로구 경인로 427, 구로성심병원 (고척동)",A,종합병원,구로성심병원,126.86636039556485,37.49964578669388,2026-08-07 14:53:08.0
A1100052,"서울특별시 중구 을지로 245, 국립중앙의료원 (을지로6가)",A,종합병원,국립중앙의료원,127.00579539705472,37.56733955813183,2026-08-07 14:53:08.0
E1100019,"서울특별시 금천구 시흥대로73길 70, (시흥동,금천구보건소)",R,보건소,금천구보건소,126.89502306376147,37.45664253298437,2026-08-07 14:53:08.0
A1122033,"서울특별시 서초구 서초중앙로 4, 기쁨병원 (서초동)",A,종합병원,기쁨병원,127.018063486739,37.482713030212,2026-08-07 14:53:08.0
E1100026,"서울특별시 노원구 노해로 437, (상계동)",R,보건소,노원구보건소,127.05702334209292,37.65457770735563,2026-08-07 14:53:09.0
A1100048,"서울특별시 노원구 한글비석로 68, 을지병원 (하계동)",A,종합병원,노원을지대학교병원,127.07000281991385,37.636442927386746,2026-08-07 14:53:09.0
A1100044,서울특별시 중랑구 사가정로49길 53 (면목동),A,종합병원,녹색병원,127.08605546969357,37.58362083896108,2026-08-07 14:53:09.0
A1100019,"서울특별시 양천구 목동로 225, 홍익병원본관 (신정동)",A,종합병원,홍익병원,126.8636640030062,37.52844147447355,2026-08-07 14:53:18.0
A1100037,"서울특별시 영등포구 시흥대로 657 (대림동, 대림성모병원)",A,종합병원,대림성모병원,126.90716948025135,37.49068925436284,2026-08-07 14:53:09.0
E1100007,"서울특별시 도봉구 방학로3길 117, (쌍문동)",R,보건소,도봉구보건소,127.0388128946827,37.65802325255334,2026-08-07 14:53:09.0
E1100020,서울특별시 동대문구 천호대로 145 (용두동),R,보건소,동대문구보건소,127.0402548147166,37.57468135062168,2026-08-07 14:53:09.0
E1100002,"서울특별시 마포구 월드컵로 212 (성산동, 마포구보건소)",R,보건소,마포구보건소,126.9018692987165,37.56693851924408,2026-08-07 14:53:10.0
A1100024,"서울특별시 영등포구 도림로 156, 명지성모병원 (대림동)",A,종합병원,명지성모병원,126.89925446922592,37.4938507104387,2026-08-07 14:53:10.0
A1100046,서울특별시 강서구 강서로 295 (내발산동),A,종합병원,미즈메디병원,126.83602535156236,37.55225379358291,2026-08-07 14:53:10.0
A1100036,"서울특별시 강서구 공항대로 389, 부민병원 (등촌동)",A,종합병원,부민병원,126.85094950539181,37.556940892893586,2026-08-07 14:53:11.0
A1100010,"서울특별시 강남구 일원로 81 (일원동, 삼성의료원)",A,종합병원,삼성서울병원,127.08668245340024,37.48851613490445,2026-08-07 14:53:11.0
A1100021,서울특별시 동대문구 망우로 82 (휘경동),A,종합병원,삼육서울병원,127.0653288266823,37.587992001305395,2026-08-07 14:53:11.0
E1100004,서울특별시 서대문구 연희로 242   (연희동),R,보건소,서대문구보건소,126.93628175148127,37.578671432548965,2026-08-07 14:53:12.0
A1100017,서울특별시 종로구 대학로 101 (연건동),A,종합병원,서울대학교병원,126.99896308412191,37.57966608924356,2026-08-07 14:53:12.0
A1100050,"서울특별시 동대문구 왕산로 259, 서울성심병원 (청량리동)",A,종합병원,서울성심병원,127.04983805981972,37.58419129209865,2026-08-07 14:53:12.0
A1100029,"서울특별시 종로구 새문안로 9, 적십자병원 (평동)",A,종합병원,서울적십자병원,126.96699861289684,37.56715536263689,2026-08-07 14:53:12.0
A1126325,"서울특별시 강서구 공항대로 489, 5층 (등촌동)",M,치과병원,서울특별시 서부장애인치과병원,127.116316919418,37.5082893442187,2026-08-07 14:53:12.0
E1100022,"서울특별시 강서구 공항대로 561 (염창동, 강서보건소)",R,보건소,서울특별시강서구보건소,126.86828097069805,37.54964993608145,2026-08-07 14:53:12.0
A1100022,서울특별시 동대문구 무학로 124 (용두동),A,종합병원,서울특별시동부병원,127.03140257525507,37.57539886464885,2026-08-07 14:53:12.0
E1100006,서울특별시 동작구 만양로3길 80 (노량진동),R,보건소,서울특별시동작구보건소,126.941124327292,37.5057285769739,2026-08-07 14:53:12.0
A1100040,서울특별시 동작구 보라매로5길 20 (신대방동),A,종합병원,서울특별시보라매병원,126.92404876254014,37.4937184009319,2026-08-07 14:53:12.0
A1100184,서울특별시 중랑구 양원역로 38 (망우동),B,병원,서울특별시북부병원,127.10768066266,37.6043947292607,2026-08-07 14:53:12.0
A1100223,서울특별시 양천구 신정이펜1로 20 (신정동),A,종합병원,서울특별시서남병원,126.8331299304024,37.51201935883779,2026-08-07 14:53:12.0
A1100194,서울특별시 은평구 갈현로7길 49 (역촌동),B,병원,서울특별시서북병원,126.905664235484,37.6043567763756,2026-08-07 14:53:12.0
A1100035,서울특별시 중랑구 신내로 156 (신내동),A,종합병원,서울특별시서울의료원,127.0980910949257,37.61286931510163,2026-08-07 14:53:12.0
E1100018,서울특별시 송파구 올림픽로 326  (신천동),R,보건소,서울특별시송파구보건소,127.105859984389,37.514477182474,2026-08-07 14:53:12.0
A1107391,서울특별시 은평구 백련산로 90 (응암동),P,조산원,서울특별시은평병원,126.923210588363,37.5939702620381,2026-08-07 14:53:12.0
A1107467,서울특별시 성동구 마장로 207 (홍익동),M,치과병원,서울특별시장애인치과병원,127.032808348431,37.5667085892056,2026-08-07 14:53:12.0
E1100011,서울특별시 중구 다산로39길 16 (무학동),R,보건소,서울특별시중구보건소,127.01511277015929,37.56457086900509,2026-08-07 14:53:12.0
E1100024,서울특별시 중랑구 봉화산로 179 (신내동),R,보건소,서울특별시중랑구보건소,127.09285571438002,37.60687654865813,2026-08-07 14:53:12.0
A1100172,"서울특별시 강북구 도봉로 374 (번동, 서울현대병원)",A,종합병원,서울현대병원,127.028504374531,37.6402559204261,2026-08-07 14:53:12.0
E1100025,서울특별시 서초구 남부순환로 2584 (서초동),R,보건소,서초구보건소,127.03357578629902,37.48363181533362,2026-08-07 14:53:12.0
E1100015,서울특별시 성동구 마장로23길 10  (홍익동),R,보건소,성동구보건소,127.033214753272,37.5670791452692,2026-08-07 14:53:12.0
A1100028,서울특별시 강동구 성안로 150 (길동),A,종합병원,성심의료재단강동성심병원,127.13526354631517,37.53598408220376,2026-08-07 14:53:13.0
A1100054,"서울특별시 영등포구 여의대방로53길 22 (신길동, 성애병원)",A,종합병원,성애의료재단성애병원,126.92236733617031,37.51205044957338,2026-08-07 14:53:13.0
A1100032,서울특별시 종로구 통일로 256 (무악동),A,종합병원,세란병원,126.9577071892358,37.57534016994642,2026-08-07 14:53:13.0
A1100004,서울특별시 용산구 대사관로 59 (한남동),A,종합병원,순천향대학교부속서울병원,127.00441798640304,37.53384172231443,2026-08-07 14:53:13.0
A1100045,"서울특별시 영등포구 영등포로36길 13 (영등포동4가, 충무병원)",A,종합병원,씨엠병원,126.90367981067837,37.518848328762154,2026-08-07 14:53:13.0
E1100014,서울특별시 양천구 목동서로 339 (신정동),R,보건소,양천구보건소,126.86588962916724,37.517535585625694,2026-08-07 14:53:14.0
A1100015,"서울특별시 강남구 언주로 211, 강남세브란스병원 (도곡동)",A,종합병원,연세대학교의과대학강남세브란스병원,127.04631254186797,37.492806984645476,2026-08-07 14:53:14.0
A1100007,서울특별시 서대문구 연세로 50-1 (신촌동),A,종합병원,연세대학교의과대학세브란스병원,126.94082769649863,37.56211711412639,2026-08-07 14:53:14.0
E1100005,서울특별시 영등포구 당산로 123  (당산동3가),R,보건소,영등포구보건소,126.8963695056,37.5259636096,2026-08-07 14:53:15.0
E1100008,"서울특별시 용산구 녹사평대로 150 (이태원동, 용산구종합행정타운)",R,보건소,용산구보건소,126.96626270649707,37.53861736581427,2026-08-07 14:53:15.0
A1100042,서울특별시 강서구 하늘길 70 (과해동),A,종합병원,우리들병원,126.7963653099318,37.56199597494205,2026-08-07 14:53:15.0
E1100017,서울특별시 은평구 은평로 195 (녹번동),R,보건소,은평구보건소,126.92882350898024,37.602521838789165,2026-08-07 14:53:15.0
A1100025,"서울특별시 서대문구 연희로 272, 동신병원 본관동 (홍은동)",A,종합병원,의료법인동신의료재단동신병원,126.93658306608872,37.58110428173239,2026-08-07 14:53:15.0
A1100041,"서울특별시 관악구 남부순환로 1636, 양지병원 (신림동)",A,종합병원,의료법인서울효천의료재단에이치플러스양지병원,126.93253922577287,37.48427507045319,2026-08-07 14:53:15.0
A1100030,"서울특별시 강북구 도봉로 301 (수유동, 대한병원)",A,종합병원,의료법인성화의료재단대한병원,127.02267251878474,37.63547043209498,2026-08-07 14:53:15.0
A1100023,서울특별시 은평구 통일로 873 (갈현동),A,종합병원,의료법인청구성심병원,126.91955399169245,37.62079154435882,2026-08-07 14:53:15.0
A1100075,"서울특별시 중랑구 망우로 511, 동부제일병원 지하1~6층 (망우동)",A,종합병원,의료법인풍산의료재단동부제일병원,127.1090292210168,37.60067564592665,2026-08-07 14:53:15.0
A1100020,"서울특별시 도봉구 우이천로 308, 한일병원 (쌍문동)",A,종합병원,의료법인한전의료재단한일병원,127.02902417950423,37.64611570419094,2026-08-07 14:53:15.0
A1100005,서울특별시 양천구 안양천로 1071 (목동),A,종합병원,이화여자대학교의과대학부속목동병원,126.8862159683056,37.53654282637804,2026-08-07 14:53:16.0
A1120796,"서울특별시 강서구 공항대로 260, 이화의대부속서울병원 (마곡동)",A,종합병원,이화여자대학교의과대학부속서울병원,126.8362659275,37.557261149,2026-08-07 14:53:16.0
A1100016,"서울특별시 노원구 동일로 1342, 상계백병원 (상계동)",A,종합병원,인제대학교상계백병원,127.06311619032102,37.6485812672986,2026-08-07 14:53:16.0
A1122381,서울특별시 성동구 왕십리로 382 (하왕십리동),A,종합병원,재단법인베스티안재단베스티안서울병원,127.028019796271,37.5651102845783,2026-08-07 14:53:16.0
A1100009,"서울특별시 송파구 올림픽로43길 88, 서울아산병원 (풍납동)",A,종합병원,재단법인아산사회복지재단서울아산병원,127.10823825113607,37.526563966361216,2026-08-07 14:53:16.0
E1100023,"서울특별시 종로구 자하문로19길 36, (옥인동)",R,보건소,종로구보건소,126.96927846264842,37.58183450604867,2026-08-07 14:53:16.0
A1100003,서울특별시 동작구 흑석로 102 (흑석동),A,종합병원,중앙대학교병원,126.96079378447554,37.50707428493414,2026-08-07 14:53:16.0
A1100057,"서울특별시 강남구 논현로 566, 강남차병원(역삼동650-9, 606-4, 605외2필지(지하7층~지하1층, 지상2층~7층)) (역삼동)",A,종합병원,차의과학대학교강남차병원,127.03466865188072,37.506800025850865,2026-08-07 14:53:16.0
A1100160,서울특별시 서초구 헌릉로 260 (내곡동),B,병원,서울특별시어린이병원,127.068851404997,37.4557172797141,2026-08-07 14:53:12.0
E1100012,"서울특별시 성북구 화랑로 63, (하월곡동)",R,보건소,성북구보건소,127.03958133379797,37.602615951359006,2026-08-07 14:53:13.0
A1100012,서울특별시 서초구 반포대로 222 (반포동),A,종합병원,학교법인가톨릭학원가톨릭대학교서울성모병원,127.00472725970137,37.501800804785276,2026-08-07 14:53:17.0
A1100008,"서울특별시 성북구 고려대로 73, 고려대병원 (안암동5가)",A,종합병원,학교법인고려중앙학원고려대학교의과대학부속병원(안암병원),127.02647086385966,37.58715608002366,2026-08-07 14:53:17.0
A1100053,서울특별시 강동구 진황도로61길 53 (둔촌동),A,종합병원,한국보훈복지의료공단중앙보훈병원,127.14671886173552,37.528220900896635,2026-08-07 14:53:17.0
A1100027,"서울특별시 노원구 노원로 75, 한국원자력의학원 (공릉동)",A,종합병원,한국원자력의학원원자력병원,127.08269315796588,37.628815981330355,2026-08-07 14:53:17.0
A1100055,"서울특별시 영등포구 신길로 1 (대림동, 강남성심병원)",A,종합병원,한림대학교강남성심병원,126.9086725295,37.4932492859,2026-08-07 14:53:17.0
A1100038,"서울특별시 영등포구 버드나루로7길 12 (영등포동7가, 한강성심병원)",A,종합병원,한림대학교한강성심병원,126.91033000120589,37.52346674579277,2026-08-07 14:53:17.0
A1100013,서울특별시 성동구 왕십리로 222-1 (사근동),A,종합병원,한양대학교병원,127.04488284061982,37.559944533564746,2026-08-07 14:53:18.0
A1100051,서울특별시 광진구 자양로 85 (자양동),A,종합병원,혜민병원,127.08360130258502,37.535315660180416,2026-08-07 14:53:18.0
A1100049,서울특별시 금천구 시흥대로 244 (시흥동),A,종합병원,희명병원,126.90056251863875,37.45567063464179,2026-08-07 14:53:18.0
